id,year,ictex,ex,ictim,im,internet,pop,pmcs,grgdp,tel,gtech,grpop,dgdp,unem,grural,ict_trade,ln_internet,ln_mcs
1,2010,0.9618099927902222,212108726,10.369999885559082,201703334,76.0,22031750,22500000.0,2.0674171447753906,47.958267,18.697908401489258,1.5554895401000977,1.167281617,5.210000038146973,0.7556355595588684,5.547619474216601,16.633558307052986,16.929025867174648
1,2011,0.8459299802780151,269423385,9.829999923706055,234205823,79.48770141601562,22340024,23789000.0,2.462756395339966,46.91188,23.137067794799805,1.3895273208618164,6.252760381,5.079999923706055,0.5900165438652039,5.023847903954371,16.692322550446356,16.9847338469274
1,2012,0.8759599924087524,262678467,8.890000343322754,251217222,79.0,22733465,24338000.0,3.9181628227233887,45.717009,-2.897109031677246,1.7458200454711914,1.85652681,5.21999979019165,1.0495028495788574,4.793612926742905,16.703626292396596,17.007549472878882
1,2013,0.9161900281906128,256678556,8.859999656677246,234065772,83.45349884033203,23128129,24940000.0,2.584897756576538,44.506724,-2.205892562866211,1.7211514711380005,-0.124199304,5.659999847412109,1.0337713956832886,4.705075252581341,16.77567953094402,17.031983498216164
1,2014,1.080340027809143,252680285,9.180000305175781,228857928,84.0,23475686,25060000.0,2.5331146717071533,38.946579,2.247460126876831,1.49156653881073,1.479573108,6.079999923706055,0.7994226813316345,4.929819505322663,16.79712241806406,17.036783507432197
1,2015,1.4037200212478638,191320123,9.989999771118164,201212236,84.56051635742188,23815995,25770000.0,2.1926474571228027,35.516554,-6.62809944152832,1.4392166137695312,-0.549659411,6.050000190734863,0.7492506504058838,5.8050502753809345,16.81816523369289,17.064721582628547
1,2016,1.3073300123214722,189389234,10.0,189223659,86.54000091552734,24190907,26551000.0,2.7706522941589355,34.950751,5.519773960113525,1.5619405508041382,-0.533000346,5.710000038146973,0.8671861290931702,5.651764266830644,16.856923936103758,17.09457796972635
1,2017,1.0596699714660645,229722178,9.539999961853027,221108910,86.54505157470703,24601860,26660000.0,2.3006105422973633,34.411758,-10.5331392288208,1.684523105621338,3.734750093,5.590000152587891,0.9494222402572632,5.218825297096076,16.873827527619873,17.098674872714835
1,2018,1.0028599500656128,254525413,10.359999656677246,227703770,,24982688,27640000.0,2.9492857456207275,32.934171,9.03067684173584,1.5361055135726929,1.885615996,5.300000190734863,0.7669745087623596,5.421207206357987,,17.134774556863743
1,2019,1.1018699407577515,272579608,10.350000381469727,214273705,,25365745,27535000.0,2.160956382751465,24.600053,21.557910919189453,1.521653652191162,3.398104471,5.159999847412109,0.7177624106407166,5.172153783839329,,17.130968480678717
1,2020,,254531426,,202277035,,25687041,27454000.0,-0.28483930230140686,24.313836,-10.949102401733398,1.2586982250213623,1.968036863,6.610000133514404,0.4119352698326111,,,17.128022434793742
2,2010,2.334188938140869,407357556,3.5299999713897705,393450957,75.0,10639649,12154041.0,2.864292621612549,42.416041,-43.68791961669922,0.9136393666267395,1.89207786,8.289999961853027,-1.1093330383300781,2.921711407976226,15.892415980160047,16.313172265046767
2,2011,2.1918628215789795,478525231,3.4000000953674316,466264500,81.60999298095703,10784163,12495934.0,1.6945139169692993,42.076574,9.312634468078613,1.301002860069275,1.807299468,7.139999866485596,-0.71994948387146,2.7880923353122693,15.990370758491071,16.340913869357514
2,2012,2.0574097633361816,446557259,3.0999999046325684,436933674,80.7199935913086,10856360,12313375.0,0.7392172813415527,41.809944,-5.990023136138916,0.6201635599136353,1.961119341,7.539999961853027,-1.3985521793365479,2.573026533013669,15.986077751995587,16.32619662792726
2,2013,1.7361291646957397,466846143,2.75,449014195,82.17019653320312,10912673,12315217.0,0.45924219489097595,41.119744,23.74698829650879,0.471340149641037,1.271258155,8.430000305175781,-1.5435471534729004,2.233194468279309,16.009057810123423,16.326346210169188
2,2014,1.7521274089813232,472121555,2.880000114440918,453701093,85.0,10966157,12734724.0,1.5785331726074219,40.391959,16.312667846679688,0.4439292848110199,0.982645555,8.520000457763672,-1.566099762916565,2.3048435045934985,16.047805522325625,16.359842993604893
2,2015,2.0784082412719727,396919286,2.9600000381469727,375661116,85.05294036865234,11034732,12774090.0,2.041459083557129,39.765546,-15.725056648254395,0.5794462561607361,1.330386128,8.479999542236328,-1.424674391746521,2.5070752866865003,16.054662015508423,16.362929458640146
2,2016,2.001940965652466,398345784,2.990000009536743,379391797,86.5164794921875,11095615,12550821.0,1.2666864395141602,38.496506,20.43163299560547,0.5062999725341797,1.920850695,7.829999923706055,-1.5389418601989746,2.483930656467417,16.077225267351402,16.345296639729074
2,2017,1.9180742502212524,429799692,2.9000000953674316,409464298,87.67967987060547,11143219,11357286.0,1.6215472221374512,37.494855,-6.997323036193848,0.3852280080318451,1.828301837,7.090000152587891,-1.6539267301559448,2.397141125080064,16.0948616955244,16.245370034263406
2,2018,1.7116398811340332,468629855,2.690000057220459,455053174,88.64734649658203,11198627,11447351.0,1.7879201173782349,35.767291,11.821398735046387,0.4551846981048584,1.625329411,5.949999809265137,-1.525772213935852,2.193629794844277,16.11079765319241,16.253268907486333
2,2019,2.03564453125,446876870,3.359999895095825,427766455,90.27542877197266,11263911,11509573.0,1.7846944332122803,34.060996,16.76970863342285,0.5404613018035889,1.655468953,5.360000133514404,-1.4809662103652954,2.683354040897906,16.134809586854786,16.25868968183441
2,2020,,419478288,,395854450,91.52423858642578,11334006,11529728.0,-6.283929824829102,31.36115,6.140758991241455,0.5816208124160767,1.067716403,6.010000228881836,-1.3770180940628052,,16.154751798888963,16.260439301333847
3,2010,1.0070490837097168,200433953,9.40999984741211,193184262,40.650001525878906,195713637,16.7,7.528225898742676,21.532183,4.243106842041016,0.9379593133926392,8.423338328,7.730000019073486,-0.9026432633399963,5.1311413641144314,18.191991800669822,2.815408719422709
3,2011,0.6999024748802185,253665437,8.829999923706055,238706132,45.689998626708984,197514541,16.0,3.9744253158569336,21.78363,3.764162540435791,0.91596519947052,8.318565045,6.920000076293945,-0.9916765093803406,4.641446294589035,18.318032004442074,2.772588722239781
3,2012,0.5480296015739441,239952538,8.819999694824219,235404476,48.560001373291016,199287292,15.4,1.9211503267288208,22.23187,3.4804577827453613,0.8935254812240601,7.94317879,7.190000057220459,-1.024684190750122,4.6444428824122745,18.38788800902241,2.7343675094195836
3,2013,0.48338815569877625,232543660,8.640000343322754,252281705,51.040000915527344,201035904,14.9,3.0048463344573975,22.403021,-4.248672962188721,0.8736056685447693,7.504539865,6.980000019073486,-1.0415444374084473,4.727728857051225,18.446433547923032,2.7013612129514133
3,2014,0.39288923144340515,220920757,8.789999961853027,240763370,54.551002502441406,202763744,14.5,0.5039557218551636,21.763353,-2.916614055633545,0.8557959794998169,7.846709744,6.659999847412109,-1.076072096824646,4.771893315585509,18.521517940380527,2.6741486494265287
3,2015,0.44892075657844543,191134325,8.40999984741211,171449051,58.32795333862305,204471759,14.0,-3.5457634925842285,21.360964,7.267819881439209,0.8388389348983765,7.566175012,8.430000305175781,-1.0959430932998657,4.21334997591302,18.596851692644496,2.6390573296152584
3,2016,0.38961267471313477,185235401,8.4399995803833,137552003,60.87253952026367,206163056,14.6,-3.275916814804077,20.374139,10.257566452026367,0.8237521648406982,8.103604359,11.600000381469727,-1.1062071323394775,3.8201890543289374,18.647789923676136,2.6810215287142904
3,2017,0.35694319009780884,217739177,10.109999656677246,150749453,67.47128295898438,207833825,13.2,1.322869062423706,19.426915,3.2030136585235596,0.8071452379226685,3.671384512,12.819999694824219,-1.1242672204971313,4.346938559602053,18.758781283812528,2.580216829592325
3,2018,0.3518525958061218,239889210,8.8100004196167,181230569,70.43428039550781,209469320,12.8,1.783666729927063,18.289993,3.208909511566162,0.7838442325592041,4.493534332,12.329999923706055,-1.1334786415100098,3.99185009588864,18.809597738784962,2.5494451709255714
3,2019,0.34592151641845703,223998669,9.020000457763672,177341225,73.91243743896484,211049519,12.4,1.411152958869934,15.973917,-15.036283493041992,0.7515508532524109,4.280505119,11.930000305175781,-1.1652940511703491,4.178761979581742,18.865314279847667,2.517696472610991
3,2020,,209180242,,158786825,,212559409,,-4.059048175811768,14.421291,-36.67116928100586,0.7128728032112122,4.805398417,13.670000076293945,-1.1950124502182007,,,
4,2010,0.40995267033576965,8897560,5.0,2538563,53.0,388634,435104.0,2.598965644836426,20.558812,110.10908508300781,1.2250715494155884,16.68828285,6.510000228881836,-0.1745469868183136,1.428840305536477,12.235515033228818,12.983340361955412
4,2011,0.34737199544906616,12451283,4.329999923706055,3603286,56.0,393687,443161.0,3.7453184127807617,20.279765,4.968739986419678,1.2918150424957275,20.18050542,6.639999866485596,-0.11207593232393265,1.2412326439097885,12.303492961067672,13.00168841415341
4,2012,0.2812775671482086,13000828,4.119999885559082,3572227,60.27306365966797,398997,469740.0,0.9128416776657104,17.778184,-35.840789794921875,1.33977210521698,1.218702687,6.710000038146973,-0.07101213186979294,1.1086921573568285,12.390424289511031,13.059934629130014
4,2013,0.13282470405101776,11447187,4.869999885559082,3612435,64.5,404414,468814.0,-2.126028537750244,17.283997,-23.42891502380371,1.3485207557678223,-2.82132117,6.800000190734863,-0.06282086670398712,1.2691571715466219,12.47168942253178,13.057961380280263
4,2014,0.18392349779605865,10508833,4.920000076293945,3598740,68.7699966430664,409778,452054.0,-2.508352518081665,17.483997,14.294571876525879,1.3176443576812744,-1.846457284,6.96999979019165,-0.0876031294465065,1.3920624332531697,12.548968197151332,13.021556920705061
4,2015,0.18856653571128845,6341863,4.480000019073486,3236550,71.19999694824219,414914,463384.0,-0.39238375425338745,18.31784,20.462753295898438,1.2455719709396362,-17.61280313,7.690000057220459,-0.16304294764995575,1.6386438126647798,12.596149138390365,13.0463113629782
4,2016,0.8036081790924072,4703523,4.420000076293945,2672160,90.0,419791,523453.0,-2.4779176712036133,17.67818,-6.122397422790527,1.168569803237915,-9.167861616,8.470000267028809,-0.2419581115245819,2.113802471882114,12.842151731700657,13.168202524937497
4,2017,0.18099504709243774,5586316,3.2899999618530273,3083679,94.86669158935547,424481,544732.0,1.3286025524139404,19.740714,110.62998962402344,1.1110278367996216,4.953690289,9.319999694824219,-0.29860052466392517,1.286782670562119,12.905924998904716,13.208049209580816
4,2018,0.16941753029823303,6506565,2.990000009536743,4122737,95.0,428960,565949.0,0.05223779007792473,19.252943,-99.92892456054688,1.04964280128479,9.217653488,8.699999809265137,-0.356792151927948,1.2634234912454654,12.917825659082235,13.246259247118463
4,2019,0.06940435618162155,7249807,2.0899999141693115,5101654,95.0,433296,574799.0,3.869109869003296,19.984537,43132.07421875,1.0057423114776611,-3.33576804,6.920000076293945,-0.4040957987308502,0.9039922167424191,12.927883081818495,13.261775693449932
4,2020,,6614320,,5321313,,437483,526732.0,1.2030019760131836,23.746283,,0.9616750478744507,-10.84900353,8.369999885559082,-0.44356200098991394,,,13.174447159274306
5,2010,0.08525992929935455,5590104,2.549999952316284,4902524,1.2599999904632568,14312205,8150764.0,5.963078498840332,2.5072994,-17.27650260925293,1.5391521453857422,3.12059287,0.7699999809265137,1.0835082530975342,1.2368729586187064,12.102564755119054,15.913622223154796
5,2011,0.048715740442276,6704137,2.119999885559082,6143333,3.0999999046325684,14541421,13757000.0,7.069570064544678,3.6447602,-12.634683609008789,1.5888527631759644,3.36406625,0.5799999833106995,1.1248259544372559,1.039151074486478,13.018743650432564,16.43705834344313
5,2012,0.2471911758184433,5796274,1.6200000047683716,7466708,4.940000057220459,14780454,19105115.0,7.313345432281494,3.9543779,92.50299835205078,1.6304434537887573,1.440518128,0.5099999904632568,1.1579245328903198,1.020046229500267,13.501011346992781,16.76546665821168
5,2013,1.6109395027160645,6665903,1.659999966621399,8231540,6.0,15026330,20264514.0,7.356665134429932,2.8013623,426.9433898925781,1.6498363018035889,0.781387552,0.4399999976158142,1.169977068901062,1.638047723305015,13.711903836842696,16.824381835521585
5,2014,0.4285166263580322,6846019,2.7699999809265137,9702422,14.0,15274506,20451982.0,7.142570972442627,2.3637823,-57.281009674072266,1.6381168365478516,2.632195879,0.6899999976158142,1.1482762098312378,1.801338369022434,14.575582865700605,16.833590355072115
5,2015,2.183955669403076,8542434,2.509999990463257,10668923,18.0,15521435,20850543.0,7.115694522857666,1.6518253,289.2729187011719,1.6036807298660278,1.643673887,0.38999998569488525,1.1050069332122803,2.3650226162084653,14.84293410169334,16.852890549035433
5,2016,1.9032407999038696,9982663,2.240000009536743,12312973,32.39845275878906,15766290,19915503.0,6.939060688018799,1.4414359,40.92234802246094,1.5652145147323608,3.46969409,0.7200000286102295,1.057576298713684,2.089219215397866,15.446325155756808,16.80700903162263
5,2017,1.4519466161727905,11268954,1.6200000047683716,14289542,32.9002799987793,16009413,18572973.0,6.841431617736816,0.83020554,3.5583086013793945,1.530274510383606,3.491420705,0.14000000059604645,1.0148602724075317,1.545903864462317,15.476998402064314,16.737218017445276
5,2018,1.4276355504989624,12707908,1.1100000143051147,17393051,65.0,16249795,19417123.0,7.4691691398620605,0.54251156,-6.991245746612549,1.4903432130813599,3.111821368,0.12999999523162842,0.9592021107673645,1.2440981728216618,16.172807935183375,16.781665863611725
5,2019,0.9853207468986511,14824722,1.4199999570846558,20279485,78.27288055419922,16486542,21418681.0,7.054106712341309,0.34237016,-2.696140766143799,1.4464118480682373,3.235371769,0.12999999523162842,0.9006261229515076,1.236432259623577,16.373085973634076,16.879774043123355
5,2020,,17716469,,19296193,78.80000305175781,16718971,,-3.1410348415374756,,,1.3999650478363037,-2.859331393,0.3100000023841858,0.8379825353622437,,16.39379747026841,
6,2010,2.7644996643066406,386579900,8.430000305175781,392108702,80.30000305175781,34004889,25825400.0,3.0894947052001953,53.866214,4.198253154754639,1.1118640899658203,2.849946456,8.0600004196167,0.17725321650505066,5.617362922823126,17.12261433932978,17.0668690617174
6,2011,2.483449697494507,450430008,7.989999771118164,450579509,83.0,34339328,26840000.0,3.146881341934204,52.908063,3.2565226554870605,0.9786977767944336,3.23475903,7.510000228881836,0.1411299705505371,5.23718157451003,17.165472266034907,17.105403870067754
6,2012,2.2703781127929688,454098967,7.320000171661377,462366181,83.0,34714222,27720000.0,1.7622225284576416,50.75879,20.04958152770996,1.0858172178268433,1.211917544,7.289999961853027,0.8686943650245667,4.817964861669908,17.176330438665385,17.137664732285977
6,2013,2.0929360389709473,456598271,7.300000190734863,461785073,85.80000305175781,35082954,28360000.0,2.329122543334961,47.939559,-2.9803683757781982,1.056591272354126,1.737448,7.070000171661377,0.838999330997467,4.71117222013364,17.220074785522755,17.1604902596282
6,2014,1.9267661571502686,475177176,6.880000114440918,463088977,87.12000274658203,35437435,28789000.0,2.8700361251831055,45.994406,-9.882810592651367,1.0053375959396362,1.944598697,6.909999847412109,0.7925875186920166,4.371475516844487,17.24539562939843,17.175503927702373
6,2015,2.1439297199249268,410688692,7.119999885559082,420159798,90.0,35702908,29765000.0,0.6591768860816956,43.335308,-2.3147666454315186,0.7463394999504089,-0.876717545,6.909999847412109,0.5278075337409973,4.660326705405003,17.285382184357267,17.208843764569625
6,2016,2.1179521083831787,390195631,7.079999923706055,402638900,91.16000366210938,36109487,30752000.0,1.0013943910598755,41.655563,-7.109184265136719,1.132348656654358,0.75403003,7.0,0.9133360981941223,4.637914844603867,17.30951224512347,17.241465590752156
6,2017,1.9497026205062866,421161325,7.230000019073486,432857718,92.70137023925781,36545295,31693000.0,3.0398802757263184,39.39062,2.9970204830169678,1.1996821165084839,2.56499684,6.340000152587891,0.9319524765014648,4.626010017910697,17.33827607601574,17.271606394273867
6,2018,1.8320252895355225,450790344,7.230000019073486,460109333,94.63999938964844,37065178,33211000.0,2.4295475482940674,37.335573,12.451788902282715,1.4125480651855469,1.756738587,5.829999923706055,1.084928035736084,4.558624732998239,17.37309851566848,17.318391704311814
6,2019,1.9196962118148804,446562311,7.150000095367432,453157225,96.5,37593384,34366950.0,1.8614153861999512,35.866411,4.4681830406188965,1.4150147438049316,1.672579194,5.659999847412109,1.0323383808135986,4.5540171295473995,17.406711457787836,17.352605904707982
6,2020,,389850223,,404275453,,38005238,36093021.0,-5.3129448890686035,36.897735,-19.68492317199707,1.0895915031433105,0.775149767,9.479999542236328,0.6566444635391235,,,17.401610080513873
7,2010,29.124908447265625,1577763800,20.399999618530273,1396001600,34.29999923706055,1337705000,859003000.0,10.635870933532715,21.506481,32.078025817871094,0.48295968770980835,6.881380253,4.5,-2.133474349975586,25.0290955479802,19.94419644195834,20.571282972375492
7,2011,26.760181427001953,1898388400,18.0,1743394900,38.29999923706055,1344130000,986253000.0,9.55083179473877,20.713076,13.839821815490723,0.4791504442691803,8.075684467,4.5,-2.0842485427856445,22.56650641539159,20.059292490838587,20.709423471944827
7,2012,27.055578231811523,2048782200,19.559999465942383,1818199200,42.30011749267578,1350695000,1112155000.0,7.863736629486084,20.094763,9.940670013427734,0.4872311055660248,2.331217576,4.599999904632568,-2.0793213844299316,23.53126458612389,20.163504789404794,20.829565411550337
7,2013,27.4221134185791,2209007300,20.549999237060547,1949992300,45.79999923706055,1357380000,1229113000.0,7.766149997711182,19.181565,10.456748008728027,0.49370962381362915,2.163370027,4.599999904632568,-2.127683401107788,24.20004777118592,20.247936096548976,20.92955860797412
7,2014,25.93897247314453,2342292696,19.709999084472656,1959234625,47.900001525878906,1364270000,1286093000.0,7.4257636070251465,17.82338,-0.32408735156059265,0.5063115954399109,1.031063688,4.599999904632568,-2.1812801361083984,23.10183593289529,20.29783067427708,20.9748747774099
7,2015,26.56307029724121,2281855922,23.350000381469727,1681670816,50.29999923706055,1371220000,1291984200.0,7.0413289070129395,16.419401,-0.24974383413791656,0.5081367492675781,-0.002944094,4.599999904632568,-2.2424495220184326,25.199808166241432,20.35180156741553,20.979445013129876
7,2016,26.49762535095215,2118980582,23.760000228881836,1588695867,53.20000076293945,1378665000,1364934000.0,6.848762035369873,14.61222,-8.844178199768066,0.5414785146713257,1.407346027,4.5,-2.2753522396087646,25.324585098747427,20.413269701286687,21.034371912766
7,2017,27.068613052368164,2271796142,22.719999313354492,1840957060,54.29999923706055,1386395000,1469882500.0,6.947200775146484,13.635048,10.030409812927246,0.559121310710907,4.232681975,4.400000095367432,-2.31081223487854,25.122079727646142,20.439326716797733,21.108448302569535
7,2018,27.308181762695312,2494230195,22.670000076293945,2134987265,59.20000076293945,1392730000,1649301700.0,6.749773979187012,13.454649,11.877778053283691,0.4558996856212616,3.499747636,4.300000190734863,-2.420469045639038,25.169060211636626,20.53028305547247,21.22361782315816
7,2019,26.502229690551758,2498569866,22.479999542236328,2068950255,64.56912231445312,1397715000,1746238000.0,5.949714183807373,13.323697,-2.192676305770874,0.3572910726070404,1.287452077,4.599999904632568,-2.5135293006896973,24.680279513963605,20.62067072509616,21.280729596643546
7,2020,,2590607686,,2055590612,70.64214324951172,1402112000,1696356000.0,2.299999952316284,12.638435,5.850584506988525,0.3140910863876343,0.671929892,5.0,-2.5482120513916016,,20.713702218544523,21.251748257949387
8,2010,4.413966178894043,511651043,7.329999923706055,599171506,77.27999877929688,65027505,57785000.0,1.9494376182556152,64.6029,19.768177032470703,0.4940406084060669,1.069697476,8.869999885559082,-0.6642141342163086,5.986858565710214,17.73258588032205,17.872239784391677
8,2011,4.227837562561035,585723824,6.71999979019165,713675254,77.81999969482422,65342789,59816000.0,2.1927006244659424,63.854125,6.081303119659424,0.4836755394935608,0.947960225,8.8100004196167,-0.6928418874740601,5.596619902741737,17.744385925292956,17.906783741661886
8,2012,4.068206310272217,558460545,6.25,666675231,81.44000244140625,65659814,62260000.0,0.3131347596645355,62.472251,1.800485372543335,0.48399895429611206,1.161825032,9.399999618530273,-0.7207177877426147,5.255460686960676,17.794694034050902,17.946829722977736
8,2013,3.9579451084136963,567987698,6.289999961853027,671253553,81.9197998046875,65998685,63324000.0,0.5763266682624817,61.164257,3.8000121116638184,0.5147738456726074,0.778100531,9.920000076293945,-0.7094278335571289,5.221137489153809,17.80571590705947,17.963774962175805
8,2014,3.8583614826202393,569409762,6.210000038146973,667601846,83.75,66312067,65425000.0,0.9561830759048462,60.449998,1.7273603677749634,0.4737069010734558,0.576944233,10.289999961853027,-0.775374174118042,5.127515491071889,17.83254842934527,17.996415006380484
8,2015,4.024153709411621,495442074,6.670000076293945,563204454,78.00603485107422,66548272,66681000.0,1.1129122972488403,60.398863,-9.202807426452637,0.3555692434310913,1.138248785,10.350000381469727,-0.9191451668739319,5.431755226079367,17.76505414462294,18.015430612735013
8,2016,3.9815762042999268,490433897,6.670000076293945,559429399,79.26981353759766,66724104,67571000.0,1.0954643487930298,60.31769,-0.806671142578125,0.2638687789440155,0.522559343,10.039999961853027,-1.0322797298431396,5.414127810491965,17.783764033528367,18.028689454886067
8,2017,3.9333128929138184,524180934,6.510000228881836,610231098,80.50245666503906,66918020,69018000.0,2.2914199829101562,59.726251,0.03842037543654442,0.2902021110057831,0.521577263,9.40999984741211,-1.0280117988586426,5.319383119494823,17.80209636162683,18.049877898106203
8,2018,3.961566686630249,569764876,6.139999866485596,666157927,82.0431900024414,67101930,70422000.0,1.8650660514831543,58.673181,7.731416702270508,0.2744518518447876,0.992224566,9.020000457763672,-1.0664931535720825,5.135734302664157,17.82379899452988,18.070016272310315
8,2019,3.7850546836853027,556550374,6.179999828338623,643953084,83.3397445678711,67248926,72040000.0,1.8429718017578125,58.033407,2.6168367862701416,0.21882414817810059,1.278592146,8.4399995803833,-1.1455228328704834,5.069709302239788,17.84166698111964,18.09273207827203
8,2020,,476082181,,569325016,,67391582,72751000.0,-7.855256080627441,57.847356,-27.500402450561523,0.2119065821170807,2.524649139,8.619999885559082,-1.1765708923339844,,,18.10255320962587
9,2010,5.283167362213135,1267743109,9.539999961853027,1060672352,82.0,81776930,88400000.0,4.179882526397705,65.448425,13.38814640045166,-0.1531984508037567,0.645275771,6.96999979019165,-0.9962105751037598,7.222299240160375,18.02105479373153,18.297382527607873
9,2011,4.639753818511963,1483802558,8.0,1261588484,81.2699966430664,80274983,90900000.0,3.9251925945281982,63.570092,12.582330703735352,-1.8537145853042603,1.069483745,5.820000171661377,-2.6995151042938232,6.183886447021604,17.993575303638877,18.325270559147707
9,2012,4.50682258605957,1410146321,7.840000152587891,1161247824,82.3499984741211,80425823,92400000.0,0.41849759221076965,61.87276,0.41035833954811096,0.18772779405117035,1.496488838,5.380000114440918,0.14393389225006104,6.012093648320867,18.008654116279835,18.341637536611913
9,2013,4.333128452301025,1450937515,7.360000133514404,1187301533,84.16999816894531,80645605,100034000.0,0.4375913143157959,59.994308,2.969064712524414,0.27290022373199463,1.959391683,5.230000019073486,0.22909040749073029,5.695328511474333,18.03324322180143,18.421020686165463
9,2014,4.520062446594238,1498238432,7.739999771118164,1214915242,86.19000244140625,80982500,99530000.0,2.209543466567993,57.729628,2.934849739074707,0.4168773591518402,1.877939854,4.980000019073486,0.37304553389549255,5.961908874733132,18.061127643909046,18.415969664222246
9,2015,4.6516194343566895,1323665116,8.4399995803833,1053388444,87.58979797363281,81686611,96360000.0,1.4919315576553345,55.448631,-7.628399848937988,0.8657026290893555,1.853678824,4.619999885559082,0.8218523263931274,6.330435568101469,18.085895010035347,18.383601735710943
9,2016,4.708548069000244,1332489067,8.5,1056664804,84.16520690917969,82348669,103470000.0,2.2299997806549072,55.113667,3.1717193126678467,0.8072185516357422,1.327752223,4.119999885559082,0.7019023895263672,6.385415289724044,18.054084281992708,18.454792273581134
9,2017,4.9550604820251465,1444776367,8.779999732971191,1164586085,84.39415740966797,82657002,109700000.0,2.6802310943603516,53.715043,-5.036529541015625,0.3737245500087738,1.503738989,3.75,0.2111416459083557,6.662171360472816,18.06053808554989,18.513259925245457
9,2018,4.963000297546387,1556622939,8.550000190734863,1286008402,87.037109375,82905782,107500000.0,1.086024522781372,51.128178,7.320487022399902,0.3005267083644867,1.974717161,3.380000114440918,0.07598982006311417,6.585761551909649,18.094379750618547,18.49300140553199
9,2019,4.900755405426025,1486877250,8.369999885559082,1236217435,88.13451385498047,83092962,107200000.0,1.0555082559585571,48.373359,-0.6683104634284973,0.22551988065242767,2.055056553,3.140000104904175,-0.056965671479701996,6.475706337629104,18.109164591053517,18.490206806600977
9,2020,,1378030840,,1171580759,89.81294250488281,83240525,107500000.0,-4.569616794586182,45.712817,-13.424510955810547,0.17743034660816193,1.596822656,4.309999942779541,-0.16349907219409943,,18.12980377135822,18.49300140553199
10,2010,1.9980355501174927,220408496,6.309999942779541,350029387,7.5,1234281163,752190000.0,8.497584342956543,2.8429503,-5.011702060699463,1.350338339805603,10.52603086,5.650000095367432,0.8549696207046509,4.643922680179162,18.343487417870175,20.438499509575525
10,2011,2.1826705932617188,301483250,5.96999979019165,462402791,10.069999694824219,1250287939,893862478.0,5.241314888000488,2.6262159,34.95293426513672,1.288512945175171,8.733580144,5.650000095367432,0.786312997341156,4.475252859595067,18.651030203370794,20.611062493564596
10,2012,1.9800509214401245,289564769,5.309999942779541,488976378,11.100000381469727,1265780243,864720917.0,5.4563889503479,2.444391,-4.255593776702881,1.2314848899841309,7.934386248,5.659999847412109,0.7091991305351257,4.071483619189615,18.760729518569555,20.577917373530536
10,2013,1.5917727947235107,336611389,5.78000020980835,466045567,12.300000190734863,1280842119,886304245.0,6.386106491088867,2.2667098,28.995010375976562,1.1829042434692383,6.186504001,5.670000076293945,0.6417003870010376,4.023577323167862,18.87521269591894,20.602570841271792
10,2014,0.9736658930778503,317544642,6.309999942779541,459369464,13.5,1295600768,944008677.0,7.4102277755737305,2.0839834,2.112680435180664,1.145673394203186,3.331756917,5.599999904632568,0.5837787985801697,4.128903895844163,18.979759837493113,20.66564591580482
10,2015,0.8890883326530457,263889005,8.5600004196167,390799463,14.899999618530273,1310152392,1001056000.0,7.996253967285156,1.947865,-20.327899932861328,1.1168959140777588,2.279588108,5.559999942779541,0.5339768528938293,5.468042248648409,19.08960029852601,20.724321279770628
10,2016,0.9525601863861084,260963959,9.329999923706055,356686417,16.5,1324517250,1127809000.0,8.256305694580078,1.8424826,-2.155381679534912,1.0904593467712402,3.237974951,5.510000228881836,0.48616480827331543,5.79044109708772,19.202504085292592,20.843542649443837
10,2017,0.8641247153282166,295862157,9.720000267028809,443852795,18.200000762939453,1338676779,1168902277.0,6.795383453369141,1.7356458,6.0155816078186035,1.0633593797683716,3.969257933,5.409999847412109,0.4358145296573639,6.177935265144539,19.311198934687468,20.879330920561387
10,2018,1.1822248697280884,323997680,9.180000305175781,509273228,20.081300735473633,1352642283,1176021869.0,6.532989025115967,1.6167018,33.71843719482422,1.0378278493881226,3.737251671,5.329999923706055,0.3881315290927887,6.070254529380568,19.419944647552263,20.885403282338377
10,2019,2.00399112701416,323250726,9.460000038146973,478883729,41.0,1366417756,1151480361.0,4.041553974151611,1.5371971,16.625320434570312,1.0132611989974976,3.566001422,5.269999980926514,0.3410051465034485,6.455316373752889,20.143860256361044,20.86431422193411
10,2020,,275488745,,367980363,,1380004385,1153709832.0,-7.964610576629639,1.4530506,-8.380931854248047,0.9894137978553772,4.570317073,7.110000133514404,0.2941689193248749,,,20.866248528007343
11,2010,4.983178615570068,157779103,8.489999771118164,135663280,10.920000076293945,241834226,211290235.0,6.223854064941406,16.925257,,1.3377825021743774,15.26429366,5.610000133514404,-0.2075374871492386,6.60444019159484,17.0891888241763,19.168743267604523
11,2011,3.855039358139038,203496619,7.409999847412109,177435550,12.279999732971191,245115988,249805619.0,6.169784069061279,15.754778,3.20222544670105,1.3479044437408447,7.465943034,5.150000095367432,-0.021084560081362724,5.510915183219162,17.220043791874968,19.33619364939796
11,2012,4.058935642242432,190031839,7.079999923706055,191690908,14.520000457763672,248451714,281963665.0,6.030050754547119,15.287821,-0.6824948191642761,1.3516998291015625,3.753878753,4.46999979019165,-0.03629160672426224,5.576032959055279,17.40111592969618,19.457288773083103
11,2013,3.6152725219726562,182551754,7.090000152587891,186628631,14.9399995803833,251805314,313226914.0,5.5572638511657715,12.200955,-9.965311050415039,1.3407708406448364,4.965990291,4.340000152587891,-0.06259413063526154,5.371822130640503,17.443038749032453,19.562438450700572
11,2014,3.474010944366455,176036194,7.0,178179340,17.139999389648438,255128076,325582819.0,5.006668567657471,10.279141,1.2694560289382935,1.3109452724456787,5.443174549,4.050000190734863,-0.1145060658454895,5.24767229593216,17.59352092742825,19.601127423501403
11,2015,3.52101731300354,150282258,7.630000114440918,142694804,22.062742233276367,258383257,338948340.0,4.876322269439697,4.0165285,-10.640779495239258,1.2678296566009521,3.98024266,4.510000228881836,-0.1739508956670761,5.522301957910237,17.85867466093891,19.64135826435175
11,2016,3.3692047595977783,144494206,7.96999979019165,135652914,25.44735336303711,261556386,385573398.0,5.033069133758545,4.1111259,-8.165484428405762,1.2205910682678223,2.438924087,4.300000190734863,-0.23793408274650574,5.597002970112231,18.01360200147138,19.77024212973163
11,2017,2.9870011806488037,168810637,7.980000019073486,156925150,32.33580780029297,264650969,435193605.0,5.069786071777344,4.1765588,10.26486873626709,1.1761974096298218,4.292678122,3.880000114440918,-0.29068243503570557,5.392408025520961,18.26492744852609,19.89130155900466
11,2018,2.8819494247436523,180215036,7.699999809265137,188711246,39.904640197753906,267670549,319434605.0,5.174291610717773,3.1021385,6.940993785858154,1.1345069408416748,3.818323569,4.400000095367432,-0.34525689482688904,5.346453407557836,18.486589914325357,19.58206313164599
11,2019,2.775395631790161,167682996,7.96999979019165,171275737,47.69064712524414,270625567,341277549.0,5.018159866333008,3.5702964,-1.6243079900741577,1.097926378250122,1.598798134,3.619999885559082,-0.39043164253234863,5.400227415231715,18.67581186751063,19.648206630875308
11,2020,,163306490,,141622127,53.72649383544922,273523621,355748606.0,-2.0695436000823975,3.358529,2.0560123920440674,1.0651789903640747,-0.456130066,4.110000133514404,-0.4364396929740906,,18.805634603101737,19.68973487644448
12,2010,2.154301166534424,446839830,7.730000019073486,486984372,53.68000030517578,59277417,93666088.0,1.713295817375183,37.98783,5.5796661376953125,0.3075912296772003,0.436360538,8.359999656677246,-0.06427250057458878,5.06199856648343,17.275609277488712,18.355246760674884
12,2011,2.104651689529419,523256296,6.210000038146973,558831982,54.38999938964844,59379449,96040913.0,0.7073333263397217,37.096516,14.9187650680542,0.17197829484939575,1.607176983,8.359999656677246,-0.19810356199741364,4.224811385463556,17.29046886426326,18.38028483572778
12,2012,1.8647774457931519,501528851,5.179999828338623,489104116,55.82999801635742,59539717,97188624.0,-2.980905771255493,36.320986,-12.59592342376709,0.2695412337779999,1.54730144,10.65999984741211,-0.4939175546169281,3.501598515526758,17.31929529823758,18.39216422554426
12,2013,1.7452582120895386,518095103,4.809999942779541,479336353,58.45930099487305,60233948,96863107.0,-1.8410654067993164,35.065888,8.643915176391602,1.159251093864441,1.147610159,12.149999618530273,0.21277441084384918,3.218083352342438,17.376907288243768,18.388809271649755
12,2014,1.6702532768249512,529528733,4.809999942779541,474082559,55.63846206665039,60789140,89914609.0,-0.004547541961073875,34.069782,2.4400885105133057,0.917504072189331,0.913241262,12.680000305175781,-0.031505875289440155,3.153396348124183,17.33662625246001,18.31437098902057
12,2015,1.8970162868499756,456988626,5.190000057220459,410933398,58.1417350769043,60730582,87691238.0,0.7783043384552002,33.360559,-8.16127872467041,-0.09637613594532013,0.931863575,11.899999618530273,-1.054477334022522,3.456139080025223,17.37967150301113,18.289332543571266
12,2016,1.8641728162765503,461667625,5.179999828338623,406670670,61.32425308227539,60627498,85955905.0,1.2934627532958984,33.409414,2.6428093910217285,-0.1698840707540512,1.13435002,11.6899995803833,-1.127306580543518,3.417080940177018,17.43126433491783,18.269344990167355
12,2017,1.8940863609313965,507430236,5.090000152587891,453583034,63.07734680175781,60536709,83871543.0,1.6678590774536133,34.118009,2.9195570945739746,-0.14986111223697662,0.726343221,11.210000038146973,-1.1131834983825684,3.4025070240737447,17.457952013701977,18.24479693631133
12,2018,1.9904751777648926,549906996,4.929999828338623,503581134,74.3871841430664,60421760,83342486.0,0.941737174987793,33.64261,1.081985592842102,-0.19006364047527313,1.062151927,10.609999656677246,-1.179669976234436,3.395606488505786,17.62097334779747,18.238469013127318
12,2019,1.9569340944290161,537748429,4.900000095367432,474957328,76.0999984741211,59729081,79480756.0,0.2874499261379242,32.236845,0.8851281404495239,-1.1530283689498901,0.803938226,9.949999809265137,-2.1661977767944336,3.337227189705017,17.63220763751547,18.191025487429528
12,2020,,495976960,,422648102,,59554023,77796840.0,-8.871146202087402,32.136904,6.072618007659912,-0.2935170531272888,1.196670963,9.3100004196167,-1.3343126773834229,,,18.169611371357146
13,2010,10.676769256591797,769773832,11.979999542236328,694059160,78.20999908447266,128070000,123287125.0,4.0979180335998535,51.048348,24.6732234954834,0.01796054281294346,-1.88074195,5.099999904632568,-8.560654640197754,11.294680536283055,18.422314866321667,18.630026542568867
13,2011,9.228328704833984,823183759,10.140000343322754,855380474,79.05411529541016,127833000,132761125.0,0.02380952425301075,50.326105,2.5523252487182617,-0.18522648513317108,-1.62208025,4.519999980926514,-3.0222232341766357,9.692907958300587,18.43119771824847,18.704062018718076
13,2012,9.146751403808594,798620023,10.239999771118164,886031094,79.49639892578125,127629000,141129280.0,1.3747509717941284,50.010488,-2.8153507709503174,-0.15971067547798157,-0.75609312,4.300000190734863,-1.0482041835784912,9.721738139712688,18.435179713894925,18.765186907697874
13,2013,8.644034385681152,715097244,10.890000343322754,833166061,88.21942901611328,127445000,147887593.0,2.0051002502441406,49.89258,-14.016754150390625,-0.1442718803882599,-0.354375054,4.0,-1.029335856437683,9.852654782499474,18.53785249334101,18.81196303640025
13,2014,8.368796348571777,690217466,11.260000228881836,812184752,89.1068344116211,127276000,157856591.0,0.2962055206298828,49.588865,-3.5528945922851562,-0.13269421458244324,1.686294786,3.5999999046325684,-1.0256564617156982,9.931754442201976,18.546534365227824,18.8771975269271
13,2015,8.519404411315918,625005915,12.789999961853027,648436326,91.05802917480469,127141000,160559734.0,1.560626745223999,49.775765,-8.42857837677002,-0.10612499713897705,2.111298993,3.4000000953674316,-0.9955315589904785,10.693990112546972,18.567134065321703,18.89417660574944
13,2016,8.313261032104492,645589410,13.010000228881836,608071912,93.18272399902344,126994511,166852753.0,0.7538267374038696,50.1947,0.765204131603241,-0.11528417468070984,0.419944376,3.0999999046325684,-1.0009702444076538,10.59135251776472,18.58904657672032,18.9326222628757
13,2017,8.350980758666992,698021623,13.010000228881836,672100069,91.72654724121094,126785797,172789990.0,1.675331711769104,50.159298,7.183642387390137,-0.16448403894901276,-0.074349504,2.799999952316284,-1.0817025899887085,10.63641812214152,18.57165123502435,18.96758748441558
13,2018,8.107572555541992,738164252,11.9399995803833,749092205,91.27999877929688,126529100,179872794.0,0.5588513016700745,49.940832,4.309178352355957,-0.20267035067081451,0.004628939,2.4000000953674316,-1.1641594171524048,10.037865879889592,18.564744385395063,19.00776045902433
13,2019,7.999506950378418,705842013,12.25,720964445,92.73040008544922,126264931,186514109.0,0.2703046500682831,49.458495,-6.2958292961120605,-0.20899946987628937,0.640853236,2.4000000953674316,-1.1918655633926392,10.147278531670757,18.578419057808322,19.044017445661247
13,2020,,640953137,,634678167,,125836021,192284308.0,-5.809905529022217,49.220888,-1.0142183303833008,-0.3402687907218933,0.489913537,2.9700000286102295,-1.3572328090667725,,,19.074485605565343
14,2010,21.401514053344727,466380620,11.880000114440918,425208007,83.69999694824219,49554112,50767241.0,6.8048248291015625,57.609863,27.61749267578125,0.4982250928878784,2.737496837,3.700000047683716,-0.059335872530937195,16.860603769185158,17.540644557225658,17.74276184233092
14,2011,17.985490798950195,555208898,10.430000305175781,524405224,83.75911712646484,49936638,52506793.0,3.6856677532196045,59.19015,1.0561860799789429,0.7689717411994934,1.281863806,3.4000000953674316,0.8409093022346497,14.315532612892268,17.549040359768465,17.776453109667816
14,2012,17.164470672607422,547854448,9.789999961853027,519575597,84.06999969482422,50199853,53624427.0,2.4025309085845947,60.125431,-2.0857994556427,0.5257136821746826,1.25180817,3.200000047683716,0.9232158064842224,13.574919263550703,17.55800225189991,17.797515249840682
14,2013,19.142864227294922,559648708,10.4399995803833,515560844,84.7699966430664,50428893,54680840.0,3.1647086143493652,60.249568,9.790343284606934,0.4552186131477356,1.018543805,3.0999999046325684,0.8511577844619751,14.969857919609593,17.570846323624195,17.81702393180883
14,2014,19.789810180664062,573091134,11.420000076293945,525563837,87.55682373046875,50746659,57290356.0,3.202453851699829,58.254189,3.8854236602783203,0.6281498670578003,0.906896751,3.5,1.0225117206573486,15.785942151550008,17.609474151866713,17.863642860364404
14,2015,21.7198543548584,526900733,14.670000076293945,436547721,89.89625549316406,51014947,58935081.0,2.80910325050354,56.830038,-1.3021602630615234,0.5272884964942932,3.185595967,3.549999952316284,0.9255558848381042,18.52549786810295,17.641115328891484,17.891947074037382
14,2016,22.27022933959961,495465606,15.699999809265137,406059974,92.84302520751953,51217803,61295538.0,2.9468817710876465,54.989602,-7.616283416748047,0.3968518376350403,1.986038505,3.6500000953674316,0.7881210446357727,19.31090428943115,17.677337724475574,17.931217608697608
14,2017,24.741729736328125,573716618,15.020000457763672,478413948,95.06941986083984,51361911,63658688.0,3.1596357822418213,52.53733,22.632694244384766,0.2809680104255676,2.222781382,3.6500000953674316,0.6004467606544495,20.321165373078546,17.703844598730313,17.969046370117937
14,2018,27.842679977416992,605169190,13.970000267028809,535172391,96.02285766601562,51606633,66355778.0,2.9074037075042725,50.627292,15.668216705322266,0.47533440589904785,0.482948983,3.819999933242798,0.7129268050193787,21.33210867677648,17.71857684652796,18.010541398598253
14,2019,25.77178382873535,542333337,15.869999885559082,503259397,96.15757751464844,51709098,68892541.0,2.0393481254577637,48.271872,-20.348047256469727,0.19835320115089417,-0.922268892,3.75,0.3546341061592102,21.005907350803387,17.72196239303185,18.048058471778102
14,2020,,512788606,,467540264,96.50505828857422,51780579,70513676.0,-0.9577662348747253,46.535241,6.7907867431640625,0.13814133405685425,1.251823902,4.070000171661377,0.22426562011241913,,17.72695095262995,18.071317234785283
15,2010,34.00569152832031,198790691,29.799999237060547,164586273,56.29999923706055,28208028,33858700.0,7.424847602844238,16.342152,18.006072998046875,1.691009521484375,7.266845934,3.25,-1.1458446979522705,32.10078481110949,16.58064151185173,17.337706540547693
15,2011,29.439014434814453,226992682,25.6200008392334,187573009,61.0,28650962,36661300.0,5.293912887573242,15.786208,1.262021541595459,1.5580401420593262,5.41240809,3.049999952316284,-0.867305338382721,27.711076288734134,16.676401256407956,17.417232260740015
15,2012,27.90080451965332,227449500,23.1200008392334,196196619,65.80000305175781,29068189,41324700.0,5.473453998565674,15.786673,-0.012358368374407291,1.4457393884658813,0.999932304,3.0399999618530273,-0.9280362129211426,25.68674548279679,16.766604671415323,17.53697094211688
15,2013,28.211938858032227,228316107,22.6200008392334,205813525,57.05751419067383,29468923,43005000.0,4.693722724914551,15.391808,0.9014759063720703,1.3691835403442383,0.174474481,3.109999895095825,-1.0216600894927979,25.560895505086208,16.637736402422508,17.576826945967717
15,2014,28.728450775146484,234134977,23.079999923706055,208823429,63.66542434692383,29866606,44928600.0,6.0067219734191895,14.766326,5.7610697746276855,1.3404749631881714,2.467466784,2.880000114440918,-1.0786492824554443,26.06560735834098,16.760722998349493,17.6205851209793
15,2015,30.04975700378418,200890906,24.010000228881836,176603461,71.0640640258789,30270965,44104000.0,5.091532230377197,14.831045,-9.146086692810059,1.3448002338409424,1.218055734,3.0999999046325684,-1.091628074645996,27.2241732513094,16.88411115467839,17.602061039251655
15,2016,30.53458595275879,189863395,24.700000762939453,168780403,78.7883071899414,30684652,43464500.0,4.44978141784668,15.764232,-1.9455987215042114,1.3573592901229858,1.658259966,3.440000057220459,-1.1041555404663086,27.788787349333504,17.000867566645923,17.587455070920566
15,2017,31.017244338989258,217715510,25.219999313354492,195080585,80.1404800415039,31104655,42338500.0,5.812722206115723,21.156968,17.26677131652832,1.3594892024993896,3.778960943,3.4100000858306885,-1.082642912864685,28.277562533159262,17.031478953643553,17.56120739555169
15,2018,33.138633728027344,247489373,25.049999237060547,217664499,81.2010498046875,31528033,42413400.0,4.769927024841309,23.563157,21.93207359313965,1.3519600629806519,0.673482607,3.299999952316284,-1.0761727094650269,29.353631215847013,17.058145634270208,17.56297490800863
15,2019,32.5013542175293,238161125,24.149999618530273,204988314,84.18714141845703,31949789,44600700.0,4.302815914154053,23.177314,-4.248991966247559,1.328848958015442,0.063605951,3.309999942779541,-1.0827423334121704,28.63825534341574,17.107548143550094,17.61326011193439
15,2020,,233553703,,189559672,89.55501556396484,32365998,43723600.0,-5.58774471282959,23.073287,6.433584690093994,1.2942850589752197,-0.779375908,4.550000190734863,-1.0980570316314697,,17.18230193474709,17.593398560060173
16,2010,0.22337575256824493,397067521,8.529999732971191,228911658,43.0,142849468,237689224.0,4.5,31.304751,11.95117473602295,0.04489578679203987,14.19110957,7.369999885559082,-0.12597420811653137,3.260989672529947,17.933331892153383,19.28647459684759
16,2011,0.23729723691940308,516992618,7.159999847412109,306091490,49.0,142960908,203751647.0,4.300029277801514,30.7241,8.213147163391113,0.07798177748918533,24.46008606,6.539999961853027,-0.09318488091230392,2.8117368795720616,18.064731892344785,19.132412393488156
16,2012,0.31303659081459045,524766421,7.5,316192918,63.79999923706055,143201721,208065063.0,4.024085998535156,29.284845,34.194000244140625,0.16830503940582275,8.907868421,5.440000057220459,-0.05655479058623314,3.015268228567486,18.33034782297938,19.153361391637585
16,2013,0.41781532764434814,527265919,6.840000152587891,314945095,67.97000122070312,143506995,218300372.0,1.7554221153259277,28.042974,19.390893936157227,0.2129507064819336,5.320138872,5.460000038146973,-0.06214272603392601,2.819393526192346,18.395790600950413,19.20138252559568
16,2014,0.7967853546142578,497833529,7.880000114440918,286648777,70.5199966430664,143819667,221030353.0,0.7362672090530396,26.414556,12.592411994934082,0.21764226257801056,7.490071117,5.159999847412109,-0.11577433347702026,3.384982478505362,18.4347968841807,19.213810593942622
16,2015,0.80555260181427,333501801,9.140000343322754,177292663,70.0992431640625,144096870,227288088.0,-1.9727191925048828,24.522064,10.118484497070312,0.1925579458475113,7.249735907,5.570000171661377,-0.19205661118030548,3.6983725888499457,18.430738151182585,19.241728880938282
16,2016,0.5951001048088074,285491052,8.399999618530273,182261656,73.09143829345703,144342397,229126152.0,0.19369007647037506,22.217539,-2.1882424354553223,0.1702452450990677,2.844222698,5.559999942779541,-0.2700287103652954,3.6363094574320938,18.474239842793423,19.249783291934744
16,2017,0.6252313256263733,357083135,8.670000076293945,226966395,76.00814056396484,144496739,227299663.0,1.8257900476455688,21.955648,-7.142012119293213,0.10687056928873062,5.349815088,5.210000038146973,-0.38979342579841614,3.7514938567299816,18.514437759033896,19.241779806199588
16,2018,0.47080403566360474,449347157,9.90999984741211,238151375,80.8647232055664,144477859,229431008.0,2.8072454929351807,20.659751,-2.869135856628418,-0.013066891580820084,9.997924911,4.849999904632568,-0.5630453824996948,3.7405673250812863,18.576244317520825,19.25111292353362
16,2019,0.529902994632721,422777167,9.359999656677246,243780553,82.64215850830078,144406261,239795946.0,2.03298282623291,18.971481,6.695682048797607,-0.04956866428256035,3.084173841,4.599999904632568,-0.653728723526001,3.75933952012472,18.597490900104113,19.29529889465999
16,2020,,337105352,,231667985,84.99466705322266,144104080,238733217.0,-2.9512739181518555,,,-0.2094767987728119,0.896021692,5.730000019073486,-0.8687892556190491,,18.62346470222362,19.290857239566325
17,2010,34.08292007446289,353240365,27.540000915527344,313071074,71.0,5076732,7384600.0,14.525638580322266,38.901444,32.28459167480469,1.771832823753357,1.102609419,4.119999885559082,0.0,31.008683901574482,15.097687996510484,15.81490730863507
17,2011,28.327775955200195,416289216,23.040000915527344,372640257,71.0,5183688,7794300.0,6.3378705978393555,38.340417,0.2432352602481842,2.08490252494812,1.053835183,3.890000104904175,0.0,25.830166324457096,15.118537021071084,15.868903255287062
17,2012,27.90691375732422,415615110,23.040000915527344,385832692,72.0,5312437,8067600.0,4.46160888671875,37.016647,3.2730627059936523,2.45339035987854,0.470225826,3.7200000286102295,0.0,25.563886452496877,15.157057166348928,15.903366598245128
17,2013,29.2457218170166,419931654,23.899999618530273,388046699,80.90205383300781,5399162,8438100.0,4.83729887008667,36.067012,5.223902225494385,1.6193081140518188,-0.449738694,3.859999895095825,0.0,26.678338860293206,15.289823339366365,15.948267722745758
17,2014,29.54327392578125,415418247,23.729999542236328,377937643,79.02923583984375,5469724,8103800.0,3.938002824783325,36.135272,1.2820067405700684,1.2984402179718018,-0.269632864,3.740000009536743,0.0,26.77395533078192,15.279386388027312,15.90784364543534
17,2015,32.40093994140625,346641061,26.979999542236328,296773959,79.01295471191406,5535002,8233100.0,2.988520622253418,36.05231,-4.299391269683838,1.186376929283142,3.060224155,3.7899999618530273,0.0,29.900541452473405,15.291044122191943,15.923673172447536
17,2016,32.80219268798828,329854222,28.100000381469727,283045050,84.4522705078125,5607283,8460700.0,3.3290345668792725,35.347177,-2.6739964485168457,1.2974361181259155,0.647139798,4.079999923706055,0.0,30.63065762943765,15.370593189183628,15.950942470476233
17,2017,32.02107620239258,373055543,27.8799991607666,327492650,84.4522705078125,5612253,8381900.0,4.520379543304443,34.892882,8.526280403137207,0.08859547227621078,3.006092965,4.199999809265137,0.0,30.085203256366363,15.371479143883553,15.941585177069095
17,2018,29.56570053100586,412077471,26.610000610351562,370940515,88.16563415527344,5638676,8568400.0,3.497469663619995,34.754674,5.617649078369141,0.4697043001651764,3.347638991,3.6500000953674316,0.0,28.16549150598231,15.41920690981199,15.963591575360798
17,2019,29.298473358154297,390386234,26.8700008392334,359008256,88.94924926757812,5703569,9034300.0,1.3452174663543701,32.927103,-2.887157678604126,1.1442832946777344,-0.62419408,3.0999999046325684,0.0,28.135078516858204,15.439498465362421,16.016539002526653
17,2020,,373909153,,328822696,75.87596130371094,5685807,8427500.0,-5.391021251678467,32.333152,6.83099365234375,-0.3119049668312073,-2.91966152,5.190000057220459,0.0,,15.277413360481527,15.947010726090353
18,2010,18.930925369262695,195311520,14.180000305175781,182393380,22.399999618530273,67195032,71726300.0,7.51339054107666,10.172101,23.66067886352539,0.48962268233299255,4.080989227,0.6200000047683716,-1.8220795392990112,16.636707633232454,16.527000630032102,18.088368044449606
18,2011,15.57398796081543,228823973,11.920000076293945,228483302,23.669925689697266,67518379,77449000.0,0.8401320576667786,9.8654607,-2.804455041885376,0.4800526201725006,3.74309812,0.6600000262260437,-1.031022310256958,13.748355037474196,16.586945498365463,18.165130213187954
18,2012,16.035791397094727,229544513,11.819999694824219,247575852,26.459999084472656,67835969,85012000.0,7.242796421051025,9.4006185,2.841728687286377,0.46927282214164734,1.909144442,0.5799999833106995,-0.890697717666626,13.848233918712616,16.70306706655912,18.258302980960718
18,2013,15.58525562286377,228527440,11.300000190734863,250708238,28.940000534057617,68144519,93849000.0,2.687495470046997,8.8869951,-0.2814662754535675,0.45381587743759155,1.778745892,0.20999999344348907,-0.9267650246620178,13.343459178883307,16.7971958410098,18.35719766563901
18,2014,16.030115127563477,227572764,12.619999885559082,227931507,34.88999938964844,68438748,97096000.0,0.9844688773155212,8.3140039,3.862680673599243,0.4308426082134247,1.441465365,0.5799999833106995,-0.9728314280509949,14.323714648711038,16.98847976514226,18.391210737768333
18,2015,16.605031967163086,211178474,13.880000114440918,202062328,39.31612777709961,68714519,102942000.0,3.134047269821167,7.7261701,0.9200135469436646,0.40213605761528015,0.722113573,0.6000000238418579,-1.0234380960464478,15.272573319879767,17.111935698732896,18.449676280793618
18,2016,15.761829376220703,213558947,14.029999732971191,195702347,47.504966735839844,68971313,119669000.0,3.4351577758789062,6.8231271,0.5299615859985352,0.3730148375034332,2.63616762,0.6899999976158142,-1.0789930820465088,14.93369553909292,17.304865304934822,18.60024015620159
18,2017,16.107147216796875,235871371,14.039999961853027,224999327,52.891929626464844,69209817,121530000.0,4.177680969238281,14.383799,12.545893669128418,0.3452052175998688,1.89994499,0.8299999833106995,-1.124259352684021,15.097955824958243,17.415733856879793,18.61567170384698
18,2018,15.59081745147705,249921314,13.380000114440918,251099199,56.817481994628906,69428454,125098000.0,4.1895856857299805,8.7269696,1.836863398551941,0.3154066801071167,1.432248539,0.7699999809265137,-1.1699787378311157,14.482809998566461,17.490481215429554,18.64460798809911
18,2019,14.354747772216797,245380465,13.069999694824219,240139196,66.65242004394531,69625581,129614000.0,2.2664337158203125,7.7773138,-10.115917205810547,0.2835259437561035,0.946249006,0.7200000286102295,-1.2120914459228516,13.71930827274903,17.65296377059473,18.68007136073956
18,2020,,229277734,,208615061,77.84375,69799978,116294000.0,-6.087220191955566,7.167624,14.168364524841309,0.2501651644706726,-1.0488383,1.0199999809265137,-1.2578626871109009,,17.810677679020667,18.571632025444373
19,2010,5.781858444213867,422014118,9.489999771118164,627617523,85.0,62766365,76729827.0,2.0740509033203125,52.64592,36.386749267578125,0.7838886380195618,1.606767694,7.789999961853027,-0.655063807964325,7.9991072233268525,17.792410969289563,18.15580106949211
19,2011,4.667375564575195,517288693,8.229999542236328,717606233,85.37999725341797,63258810,77162298.0,1.2757084369659424,51.939012,13.778382301330566,0.7815065383911133,2.067350986,8.039999961853027,-0.6621707677841187,6.737641721134723,17.804686627582512,18.161421527828924
19,2012,4.236281394958496,481225754,7.300000190734863,689137011,87.47999572753906,63700215,78329355.0,1.4303960800170898,51.448633,-3.273453712463379,0.6953531503677368,1.655835533,7.889999866485596,-0.7639713883399963,6.040270787483167,17.835938456714114,18.176432994916564
19,2013,3.822563409805298,548041853,7.860000133514404,657222528,89.84410095214844,64128273,78673978.0,2.1861133575439453,51.372405,1.8613195419311523,0.6697405576705933,1.780523872,7.519999980926514,-0.8000199794769287,6.0241503910737135,17.869301671774338,18.180823010681024
19,2014,4.161652088165283,511145443,7.820000171661377,694344323,91.61000061035156,64602298,78460684.0,2.8627285957336426,50.804853,1.7213701009750366,0.7364639639854431,1.731325998,6.110000133514404,-0.7438766956329346,6.268806619855802,17.896130797577076,18.178108216525676
19,2015,4.1008758544921875,466295683,8.289999961853027,630251058,92.00029754638672,65116219,79250793.0,2.363069534301758,50.427307,-1.6593716144561768,0.7923675179481506,0.661175314,5.300000190734863,-0.6987020969390869,6.508616265402291,17.908305841189154,18.18812797698075
19,2016,4.50210428237915,411463356,7.630000114440918,636367936,94.77580261230469,65611593,78931386.0,1.7223858833312988,49.222338,-0.8166875839233398,0.7578744888305664,2.151240564,4.809999942779541,-0.7499260902404785,6.401735100688545,17.945606904847953,18.184089501393583
19,2017,4.2484588623046875,441847324,7.769999980926514,640907689,90.42455291748047,66058859,79099000.0,1.740309476852417,47.608585,0.3654136657714844,0.6793744564056396,1.938027579,4.329999923706055,-0.8337081670761108,6.332940349765961,17.90540235320302,18.186210790432938
19,2018,3.869626998901367,490840364,8.079999923706055,671694258,90.69200897216797,66460344,78891000.0,1.2525906562805176,46.932097,2.1930665969848633,0.6059291362762451,2.249611765,4.0,-0.9183580279350281,6.3023143908386485,17.914415060229462,18.18357771086874
19,2019,3.996337652206421,468322416,7.570000171661377,692494170,92.51663208007812,66836327,79844000.0,1.3708146810531616,47.981516,1.6243705749511719,0.5641311407089233,2.14793805,3.740000009536743,-0.9776241183280945,6.128233845038789,17.93997555669526,18.19558528891291
19,2020,,395692087,,634174870,94.81819915771484,67215293,79007000.0,-9.790240287780762,47.25274,-18.084928512573242,0.5654045939445496,5.567095863,4.340000152587891,-0.9818598031997681,,17.9702025330927,18.18504701410081
20,2010,10.555142402648926,1278099187,14.220000267028809,1968259901,71.69000244140625,309327143,285118000.0,2.5637664794921875,48.429269,9.623770713806152,0.8296166658401489,1.165250544,9.630000114440918,-0.030001843348145485,12.777137130215372,19.21709110596041,19.468413687631767
20,2011,9.509209632873535,1481682200,12.84000015258789,2263619100,69.72946166992188,311583481,297404000.0,1.5508354902267456,45.996899,0.31076306104660034,0.726786732673645,2.088903778,8.949999809265137,-0.17176717519760132,11.522302955572124,19.19663059208418,19.510602041799004
20,2012,9.031577110290527,1544932000,12.8100004196167,2334677700,74.69999694824219,313877662,304838000.0,2.2495458126068115,44.132367,1.724850058555603,0.7335999608039856,1.917849007,8.069999694824219,-0.18898914754390717,11.305362703063949,19.27282372178645,19.535291045921877
20,2013,8.87665843963623,1577587300,12.960000038146973,2326590200,71.4000015258789,316059947,310698000.0,1.842081069946289,42.108968,-0.1403818130493164,0.6928603053092957,1.754915785,7.380000114440918,-0.2650512754917145,11.310016694056639,19.23457016398384,19.55433193726499
20,2014,8.965921401977539,1619742900,12.859999656677246,2410855500,73.0,318386329,355500000.0,2.5259735584259033,40.321845,4.135467052459717,0.733361542224884,1.849827471,6.170000076293945,-0.2554151713848114,11.295118966729508,19.26406532961521,19.68903580720757
20,2015,9.438521385192871,1503328350,13.779999732971191,2315889217,74.55419921875,320738994,382307000.0,3.075514554977417,38.908208,-0.5098625421524048,0.7362173199653625,0.952531533,5.28000020980835,-0.2842562198638916,12.0710980098748,19.292494428728112,19.76173450872658
20,2016,9.647406578063965,1451459684,14.0600004196167,2249113117,85.54441833496094,323071755,396000000.0,1.7114267349243164,37.565632,-1.1236332654953003,0.7246760725975037,1.04924737,4.869999885559082,-0.3228554427623749,12.329267798669548,19.437250575961908,19.796924769218755
20,2017,9.475493431091309,1547195403,14.279999732971191,2406075845,87.27488708496094,325122128,400000000.0,2.332679510116577,35.774363,-11.174622535705566,0.63264399766922,1.880067872,4.360000133514404,-0.4538416862487793,12.399655684301681,19.463604021386214,19.806975105072254
20,2018,8.896842956542969,1665688484,13.600000381469727,2609126878,88.4989013671875,326838199,422000000.0,2.996464252471924,33.731049,-0.3849591314792633,0.526435375213623,2.400981114,3.9000000953674316,-0.5832545757293701,11.767407743486315,19.4827957541428,19.860515872000285
20,2019,8.742108345031738,1642820352,12.930000305175781,2563536173,89.43028259277344,328329953,442457000.0,2.1611764430999756,32.403941,0.02371232584118843,0.45538127422332764,1.785151537,3.6700000762939453,-0.6952620148658752,11.29439141106241,19.4978187852814,19.907853842549205
20,2020,,1424934919,,2406931650,,329484123,,-3.486140489578247,31.133285,-8.063482284545898,0.35091105103492737,1.211288879,8.3100004196167,-0.8246614336967468,,,
21,2010,7.9094557762146,72236665,8.399999618530273,84838553,30.649999618530273,87967655,111570201.0,6.423238277435303,16.340595,71.73575592041016,1.0001288652420044,12.0742957,1.1100000143051147,0.0632084459066391,8.174405462708888,17.109942212006867,18.530164556127296
21,2011,11.637502670288086,96905674,10.170000076293945,106749854,35.06999969482422,88871384,127318045.0,6.240302562713623,11.44896,92.9040298461914,1.0221010446548462,21.26065929,1.0,0.06471464782953262,10.868283738732758,17.254876628364816,18.66219880524928
21,2012,18.236400604248047,114529171,16.18000030517578,113780431,36.79999923706055,89801926,131673724.0,5.2473673820495605,10.641296,82.32801818847656,1.0416221618652344,10.92603381,1.0299999713897705,0.06179298833012581,17.211572431068667,17.31344461915864,18.695837632760856
21,2013,24.535690307617188,132032854,19.93000030517578,132032531,38.5,90752593,123735557.0,5.4218831062316895,7.4106192,53.47829818725586,1.0530623197555542,4.76065484,1.3200000524520874,0.05614040419459343,22.232848123194813,17.369135659009434,18.633657241490692
21,2014,23.97350311279297,150217139,19.139999389648438,147839048,41.0,91713850,136148124.0,5.983654499053955,7.3329482,11.043304443359375,1.053635835647583,3.662383811,1.2599999904632568,0.033218864351511,21.57603370903205,17.442585842525038,18.729253998068803
21,2015,29.370254516601562,162016742,21.1299991607666,165775858,45.0,92677082,120324052.0,6.679288864135742,7.9037312,30.641983032226562,1.0447810888290405,-0.190788132,1.850000023841858,0.0017573217628523707,25.202877334344745,17.54612407613656,18.60569909446045
21,2016,31.239534378051758,176580787,22.59000015258789,174978350,53.0,93640435,120600235.0,6.210811614990234,5.9782057,16.184328079223633,1.0341073274612427,1.110649186,1.850000023841858,-0.030596155673265457,26.934479928449452,17.720094573590885,18.60799179084584
21,2017,33.44933319091797,215118607,25.010000228881836,213215299,58.13999938964844,94600643,120016181.0,6.812245845794678,4.6357262,34.22719192504883,1.0201984643936157,4.085788187,1.8700000047683716,-0.059050336480140686,29.248416859860374,17.822858529683852,18.603137133322665
21,2018,33.757625579833984,243698698,23.809999465942383,236868823,69.84793090820312,95545959,140639140.0,7.075788497924805,4.4965804,11.46812629699707,0.9943104982376099,3.398105023,1.159999966621399,-0.10139597207307816,28.854500865249772,18.01626821310884,18.761707876979145
21,2019,35.01056671142578,264610323,25.649999618530273,253442016,68.66158294677734,96462108,136230406.0,7.017435073852539,3.7921679,9.468989372253418,0.9542890191078186,1.788598602,2.0399999618530273,-0.1582895964384079,30.43118193438553,18.008680482621394,18.729858171991783
21,2020,,281441457,,261309452,70.29000091552734,97338583,138934626.0,2.9058356285095215,3.293427,12.274883270263672,0.9045178890228271,1.293487769,2.2699999809265137,-0.22536593675613403,,18.04116537326624,18.749514063914685
